CREATE DATABASE  IF NOT EXISTS `gamecenter` /*!40100 DEFAULT CHARACTER SET utf8mb4 COLLATE utf8mb4_0900_ai_ci */ /*!80016 DEFAULT ENCRYPTION='N' */;
USE `gamecenter`;
-- MySQL dump 10.13  Distrib 8.0.21, for Win64 (x86_64)
--
-- Host: localhost    Database: gamecenter
-- ------------------------------------------------------
-- Server version	8.0.21

/*!40101 SET @OLD_CHARACTER_SET_CLIENT=@@CHARACTER_SET_CLIENT */;
/*!40101 SET @OLD_CHARACTER_SET_RESULTS=@@CHARACTER_SET_RESULTS */;
/*!40101 SET @OLD_COLLATION_CONNECTION=@@COLLATION_CONNECTION */;
/*!50503 SET NAMES utf8 */;
/*!40103 SET @OLD_TIME_ZONE=@@TIME_ZONE */;
/*!40103 SET TIME_ZONE='+00:00' */;
/*!40014 SET @OLD_UNIQUE_CHECKS=@@UNIQUE_CHECKS, UNIQUE_CHECKS=0 */;
/*!40014 SET @OLD_FOREIGN_KEY_CHECKS=@@FOREIGN_KEY_CHECKS, FOREIGN_KEY_CHECKS=0 */;
/*!40101 SET @OLD_SQL_MODE=@@SQL_MODE, SQL_MODE='NO_AUTO_VALUE_ON_ZERO' */;
/*!40111 SET @OLD_SQL_NOTES=@@SQL_NOTES, SQL_NOTES=0 */;

--
-- Table structure for table `friends`
--

DROP TABLE IF EXISTS `friends`;
/*!40101 SET @saved_cs_client     = @@character_set_client */;
/*!50503 SET character_set_client = utf8mb4 */;
CREATE TABLE `friends` (
  `user1` int unsigned NOT NULL,
  `user2` int unsigned NOT NULL,
  KEY `fk-user2_idx` (`user2`),
  KEY `fk-user1_idx` (`user1`),
  CONSTRAINT `fk-user1` FOREIGN KEY (`user1`) REFERENCES `user` (`userid`),
  CONSTRAINT `fk-user2` FOREIGN KEY (`user2`) REFERENCES `user` (`userid`)
) ENGINE=InnoDB DEFAULT CHARSET=utf8mb4 COLLATE=utf8mb4_0900_ai_ci;
/*!40101 SET character_set_client = @saved_cs_client */;

--
-- Dumping data for table `friends`
--

LOCK TABLES `friends` WRITE;
/*!40000 ALTER TABLE `friends` DISABLE KEYS */;
INSERT INTO `friends` VALUES (1,2),(1,17),(2,1),(201,1),(202,1),(11,9),(11,7),(99,98),(28,7),(203,1);
/*!40000 ALTER TABLE `friends` ENABLE KEYS */;
UNLOCK TABLES;

--
-- Table structure for table `game`
--

DROP TABLE IF EXISTS `game`;
/*!40101 SET @saved_cs_client     = @@character_set_client */;
/*!50503 SET character_set_client = utf8mb4 */;
CREATE TABLE `game` (
  `gameid` int unsigned NOT NULL AUTO_INCREMENT,
  `title` varchar(45) NOT NULL,
  `releaseYear` int unsigned NOT NULL,
  `rating` varchar(10) DEFAULT NULL,
  `desc` varchar(1500) DEFAULT NULL,
  PRIMARY KEY (`gameid`),
  UNIQUE KEY `gameid_UNIQUE` (`gameid`)
) ENGINE=InnoDB AUTO_INCREMENT=147 DEFAULT CHARSET=utf8mb4 COLLATE=utf8mb4_0900_ai_ci;
/*!40101 SET character_set_client = @saved_cs_client */;

--
-- Dumping data for table `game`
--

LOCK TABLES `game` WRITE;
/*!40000 ALTER TABLE `game` DISABLE KEYS */;
INSERT INTO `game` VALUES (1,'Terraria',2011,'PEGI 12','Terraria is a 2D sandbox game with gameplay that revolves around exploration, building, crafting, combat, and mining, playable in both single-player and multiplayer modes. The game has a 2D sprite tile-based graphical style reminiscent of the 16-bit sprites found on the Super NES.'),(2,'Minecraft',2009,'E10+','Minecraft is a Lego style adventure game which has massively increased in popularity since it was released two years ago. It now has more than 33 million users worldwide. The video game puts players in a randomly-generated world where they can create their own structures and contraptions out of textured cubes.'),(3,'Grand Theft Auto V',2013,'M','Grand Theft Auto V is an action-adventure game played from either a third-person or first-person perspective. Players complete missions—linear scenarios with set objectives—to progress through the story. Outside of the missions, players may freely roam the open world.'),(4,'Fortnite',2017,'T','Fortnite Battle Royale is a player-versus-player game for up to 100 players, allowing one to play alone, in a duo, or in a squad (usually consisting of three or four players). Weaponless players airdrop from a \"Battle Bus\" that crosses the game\'s map.'),(101,'Super Smash Bros Ultimate',2018,'E10+','Super Smash Bros. Ultimate is a 2018 crossover fighting game developed by Bandai Namco Studios and Sora Ltd. and published by Nintendo for the Nintendo Switch. It is the fifth installment in the Super Smash Bros. series, succeeding Super Smash Bros. for Nintendo 3DS and Wii U.\r'),(102,'Pokemon Sword',2019,'E','Pokémon Sword and Pokémon Shield are 2019 role-playing video games developed by Game Freak and published by The Pokémon Company and Nintendo for the Nintendo Switch.\r'),(103,'Pokemon Shield',2019,'E','Pokémon Sword and Pokémon Shield are 2019 role-playing video games developed by Game Freak and published by The Pokémon Company and Nintendo for the Nintendo Switch.\r'),(104,'Call of Duty: Modern Warfare',2019,'T','Call of Duty: Modern Warfare is a 2019 first-person shooter video game developed by Infinity Ward and published by Activision.\r'),(105,'Spelunky',2008,'E10+','Spelunky is a 2008 source-available indie 2D platform video game created by Derek Yu and released as freeware for Microsoft Windows. It was remade for the Xbox 360 in 2012; with ports of the new version to the PlayStation 3 and PlayStation Vita in 2013 which was also ported back to Microsoft Windows.\r'),(106,'Super Mario Maker 2',2019,'E','Super Mario Maker 2 is a side-scrolling platform game and game creation system developed and published by Nintendo for the Nintendo Switch. It is the sequel to Super Mario Maker; and it was released worldwide on June 28 2019.\r'),(107,'Super Mario Maker',2015,'E','Super Mario Maker is a side-scrolling platform game and game creation system developed and published by Nintendo for the Wii U home video game console which released worldwide in September 2015.\r'),(108,'Super Smash Bros Brawl',2008,'E10+','Super Smash Bros. Brawl is a crossover fighting video game developed by Sora Ltd. and published by Nintendo for the Wii. The third installment in the Super Smash Bros. series it was announced at a pre-E3 2005 press conference by Nintendo president Satoru Iwata.\r'),(109,'Lego Star Wars: The Complete Saga',2007,'E10+','Lego Star Wars: The Complete Saga is a Lego-themed action-adventure video game based on the Lego Star Wars line of toys. It is a combination of the game Lego Star Wars: The Video Game and its sequel Lego Star Wars II: The Original Trilogy which spans the first six episodes of the Star Wars saga.\r'),(110,'War Thunder',2012,'T','War Thunder is a vehicular combat multiplayer video game developed and published by the Moscow video game developer studio Gaijin Entertainment. Announced in 2011 it was first released in November 2012 as an open beta with a worldwide release in January 2013; it had its official release on 21 December 2016.\r'),(111,'Legend of Zelda: Breath of the Wild',2017,'E10+','The Legend of Zelda: Breath of the Wild is a 2017 action-adventure game developed and published by Nintendo for the Nintendo Switch and Wii U consoles.\r'),(112,'Animal Crossing: New Horizons',2020,'E','Animal Crossing: New Horizons is a 2020 life simulation video game developed and published by Nintendo for the Nintendo Switch. It is the fifth main series title in the Animal Crossing series. New Horizons was released in all regions on March 20 2020.\r'),(113,'Mario Kart 8 Deluxe',2017,'E10+','Mario Kart 8 Deluxe is an expanded version of the Wii U racing game Mario Kart 8 for the Nintendo Switch Released on April 28 2017.\r'),(114,'Mario Kart 8',2014,'E10+','Mario Kart 8 is a 2014 kart racing video game and the eighth major installment in the Mario Kart series developed and published by Nintendo for their Wii U home video game console. The game was announced at E3 2013 and released worldwide in May 2014.\r'),(115,'Ring Fit Adventure',2019,'E10+','Ring Fit Adventure is an exercising action role-playing game developed and published by Nintendo for the Nintendo Switch.\r'),(116,'Super Mario Odyssey',2017,'E','Super Mario Odyssey is a platform game developed and published by Nintendo for the Nintendo Switch on October 27 2017.\r'),(117,'Paper Mario: The Origami King',2020,'E','Paper Mario: The Origami King is a 2020 action-adventure game with role-playing game elements developed by Intelligent Systems and published by Nintendo for the Nintendo Switch console. It is the sixth game in the Paper Mario series part of the larger Mario franchise and the sequel to Paper Mario: Color Splash\r'),(118,'Luigi\'s Mansion 3',2019,'E','Luigi\'s Mansion 3 is an action-adventure game developed by Next Level Games and published by Nintendo for the Nintendo Switch.\r'),(119,'Splatoon 2',2017,'E10+','Splatoon 2 is a 2017 third-person shooter game developed and published by Nintendo for the Nintendo Switch. It was released on July 21 2017 and is a direct sequel to Splatoon which includes a new story-driven single-player mode and various online multiplayer modes.\r'),(120,'The Legend of Zelda: Link\'s Awakening',2019,'E','The Legend of Zelda: Link\'s Awakening is an action-adventure game developed by Grezzo and published by Nintendo for the Nintendo Switch. It was released on September 20 2019. As of March 2020 the game has sold over 4 million copies worldwide making it one of the best-selling Nintendo Switch games.\r'),(121,'Pokemon: Let\'s Go Pikachu',2018,'E','Pokémon: Let\'s Go Pikachu! and Pokémon: Let\'s Go Eevee! are 2018 remakes of the 1998 role-playing video game Pokémon Yellow. They were developed by Game Freak and jointly published by The Pokémon Company and Nintendo for the Nintendo Switch.\r'),(122,'Pokemon: Let\'s Go Eevee',2018,'E','Pokemon: Let\'s Go Pikachu! and Pokemon: Let\'s Go Eevee! are 2018 remakes of the 1998 role-playing video game Pokemon Yellow. They were developed by Game Freak and jointly published by The Pokemon Company and Nintendo for the Nintendo Switch.\r'),(123,'Yoshi\'s Crafted World',2019,'E','Yoshi\'s Crafted World is a side-scrolling platform video game developed by Good-Feel and published by Nintendo for the Nintendo Switch. The eighth main installment in the Yoshi franchise the game was revealed at E3 2017 and was released worldwide on March 29 2019.\r'),(124,'The Elder Scrolls V: Skyrim',2011,'T','The Elder Scrolls V: Skyrim is an action role-playing video game developed by Bethesda Game Studios and published by Bethesda Softworks.\r'),(125,'Just Dance 2020',2019,'E','Just Dance 2020 is a dance rhythm game developed by Ubisoft. It was unveiled on June 10 2019 during its E3 press conference and released on November 5 2019 for Nintendo Switch Wii PlayStation 4 Xbox One and Stadia. It was also the first game in the series to be released on Stadia.\r'),(126,'Fire Emblem: Three Houses',2019,'E10+','Fire Emblem: Three Houses is a tactical role-playing game developed by Intelligent Systems and Koei Tecmo for the Nintendo Switch and published worldwide by Nintendo on July 26 2019.\r'),(127,'Octopath Traveler',2018,'T','Octopath Traveler is a turn-based role-playing video game developed by Square Enix in collaboration with Acquire. The game was released for the Nintendo Switch in July 2018 for Microsoft Windows in June 2019 and for Stadia in April 2020.\r'),(128,'Stardew Valley',2016,'E','Stardew Valley is a simulation role-playing video game developed by Eric \"ConcernedApe\" Barone. The game was initially released for Microsoft Windows in February 2016 with ports later being released for macOS Linux PlayStation 4 Xbox One Nintendo Switch PlayStation Vita iOS and Android.\r'),(129,'Hollow Knight',2017,'T','Hollow Knight is a 2017 action-adventure metroidvania video game. It was developed and published by Team Cherry and released for Microsoft Windows macOS and Linux in 2017 and for the Nintendo Switch PlayStation 4 and Xbox One in 2018.\r'),(130,'Diablo III',2012,'T','Diablo III is a hack-and-slash action role-playing game developed and published by Blizzard Entertainment as the third installment in the Diablo franchise.\r'),(131,'Rocket League',2015,'E','Rocket League is a vehicular soccer video game developed and published by Psyonix. The game was first released for Microsoft Windows and PlayStation 4 in July 2015 with ports for Xbox One and Nintendo Switch being released later on.\r'),(132,'Overwatch',2015,'E10+','Overwatch is a team-based multiplayer first-person shooter developed and published by Blizzard Entertainment.\r'),(133,'Cuphead',2017,'T','Cuphead is a run and gun video game developed and published by the Canadian video game developer StudioMDHR in 2017\r'),(134,'Dragon Quest XI',2017,'E10+','Dragon Quest XI: Echoes of an Elusive Age is a role-playing video game developed and published by Square Enix.\r'),(135,'Overcooked 2',2018,'E','Overcooked 2 is a cooperative cooking simulation video game developed by Team17 alongside Ghost Town Games and published by Team17. The sequel to Overcooked! it was released for Microsoft Windows Nintendo Switch PlayStation 4 and Xbox One on August 7th 2018.\r'),(136,'Tetris 99',2019,'E','Tetris 99 is a free online version of the Tile-matching video game Tetris developed by Arika and published by Nintendo for the Nintendo Switch in February 2019.\r'),(137,'Xenoblade Chronicles 2',2017,'T','Xenoblade Chronicles 2 is an open world action role-playing game developed by Monolith Soft and published by Nintendo for the Nintendo Switch video game console.\r'),(138,'NBA 2K20',2019,'E','NBA 2K20 is a basketball simulation video game developed by Visual Concepts and published by 2K Sports based on the National Basketball Association. It is the 21st installment in the NBA 2K franchise the successor to NBA 2K19 and the predecessor to NBA 2K21.\r'),(139,'Celeste',2018,'E10+','Celeste is a platforming video game by Canadian video game developers Matt Thorson and Noel Berry with art by the Brazilian studio MiniBoss. The game was originally created as a prototype in four days during a game jam and later expanded into a full release.\r'),(140,'Pokemon Mystery Dungeon: Rescue Team DX',2020,'E','Pokémon Mystery Dungeon: Rescue Team DX is a 2020 remake of the 2005 video games Pokémon Mystery Dungeon: Blue Rescue Team and Red Rescue Team. It is part of the Pokémon Mystery Dungeon series developed by Spike Chunsoft published by The Pokémon Company and distributed by Nintendo for the Nintendo Switch.\r'),(141,'Marvel Ultimate Alliance 3: The Black Order',2019,'T','Marvel Ultimate Alliance 3: The Black Order is a 2019 video game developed by Koei Tecmo\'s Team Ninja and published by Nintendo for the Nintendo Switch.\r'),(142,'Untitled Goose Game',2019,'E','Untitled Goose Game is a 2019 puzzle stealth video game developed by House House and published by Panic. In the game players control a goose who bothers the inhabitants of an English village.\r'),(143,'Final Fantasy VII',1997,'T','Final Fantasy VII is a 1997 role-playing video game developed by Square for the PlayStation console. It is the seventh installment in the Final Fantasy series. Published in Japan by Square it was released in other regions by Sony Computer Entertainment and became the first in the main series to see a PAL release.\r'),(144,'FIFA 20',2019,'E','FIFA 20 is a football simulation video game published by Electronic Arts as part of the FIFA series. It is the 27th installment in the FIFA series and was released on 27 September 2019 for Microsoft Windows PlayStation 4 Xbox One and Nintendo Switch. A Stadia version is due in 2020.\r'),(145,'Apex Legends',2019,'T','Apex Legends is a free-to-play first-person shooter battle royale game developed by Respawn Entertainment and published by Electronic Arts. It was released for Microsoft Windows PlayStation 4 and Xbox One on February 4 2019 without any prior announcement or marketing.\r'),(146,'Fitness Boxing',2018,'T','Fitness Boxing is an exergaming video game developed by former Rocket Company members who are currently in Imagineer and published by Nintendo exclusively for the Nintendo Switch. The game was released on December 20 2018 in Japan; December 21 2018 in Europe and Australia and January 4 2019 in North America.');
/*!40000 ALTER TABLE `game` ENABLE KEYS */;
UNLOCK TABLES;

--
-- Table structure for table `preferences`
--

DROP TABLE IF EXISTS `preferences`;
/*!40101 SET @saved_cs_client     = @@character_set_client */;
/*!50503 SET character_set_client = utf8mb4 */;
CREATE TABLE `preferences` (
  `userid` int unsigned NOT NULL,
  `gameid` int unsigned NOT NULL,
  `userRating` int unsigned NOT NULL,
  `review` varchar(200) DEFAULT NULL,
  KEY `fk-game_idx` (`gameid`),
  CONSTRAINT `fk-game` FOREIGN KEY (`gameid`) REFERENCES `game` (`gameid`)
) ENGINE=InnoDB DEFAULT CHARSET=utf8mb4 COLLATE=utf8mb4_0900_ai_ci;
/*!40101 SET character_set_client = @saved_cs_client */;

--
-- Dumping data for table `preferences`
--

LOCK TABLES `preferences` WRITE;
/*!40000 ALTER TABLE `preferences` DISABLE KEYS */;
INSERT INTO `preferences` VALUES (1,1,5,'This game is awesome!'),(2,1,4,'Fun game. I keep getting killed though :('),(1,4,2,'rip s2'),(1,3,4,'Still waiting for that GTA VI...'),(1,2,5,'You can build a ton of things.'),(17,3,5,'5/5 stars. I love committing violent crimes with friends (in video games, of course). I am a hacker and loop/auto-kill newbies in online mode. If you\'re a hacker like me, this is the game for you.'),(17,4,1,'Used to be a fun and enjoyable game, until the admins banned me for hacking. Now, I will have no choice but to take my hacking powers elsewhere. I would rate 0/5 if I could.'),(9,4,5,'My son Jotaro loves this game!'),(11,3,4,'I, Jotaro Kujo, am a juvenile delinquent and find this game to be quite enjoyable. '),(11,4,1,'Shut up mom, I hate this stupid game. They hardware banned me for hacking, but I told them that the only reason I was hacking was to fight other hackers, namely DIO. They do not care about justice.'),(10,1,4,'A fun game my husband and I enjoy playing together. Sometimes relaxing but sometimes it can be irritating. Overall a good game though.'),(10,2,5,'My favorite game. Very peaceful and relaxing. You can build anything, and creative mode is fun when you\'re looking to chill. '),(19,2,5,'Super fun game, I usually turn on God mode so I don\'t get bothered by newbies and mobs. I have creative mode irl so this is an enjoyable game for me. 5/5.'),(19,1,3,'It\'s pretty much a worse version of Minecraft. It\'s still fun, but nowhere near as enjoyable in my opinion. It is cheaper, however. '),(19,3,5,'I, Giorno Giovanna, have a dream... TO BECOME THE WORLD\'S GREATEST GANG-STAR IN GTAV AND IRL!'),(202,108,5,'THE FIGHTING IS GREAT'),(11,101,5,'I love punching and beating other people up in video games. 5/5.'),(11,108,5,'METAKNIGHT FOR LIFE!!!'),(20,101,4,'Still waiting on a hamon user playable character, but myself will do for now. '),(99,2,5,'I love dirt, and I love this digging/mining simulator. I play solely on creative mode and farm dirt blocks for hours on end. Sometimes I find and explore caves. Very fun game.'),(99,105,2,'I love mining and digging, but this game is too annoying. It would be more fun if I stopped getting killed all of the time. I just want to spelunk in peace. :('),(99,1,4,'Not as good as Minecraft, but still a very fun game nonetheless. The mobs can be super annoying though, especially on Master Mode.'),(91,107,2,'A fun premise, level designing is cool. However, the level of violence offends me, especially against the Koopas. Turtle gang for life, we deserve better!!'),(91,106,1,'A second game involving violence against Koopas?? Are you serious?? Nintendo must be stopped for their crimes against the turtle race!!'),(26,102,5,'Everyone knows that the best defense is a good offense. This is why Sword>Shield. '),(26,103,3,'The exclusive gym leaders and pokemon are cool, but Zacian>Zamazenta every day. Sword beats shield.'),(26,3,4,'My dad is a mob boss and tried to kill me. I joined a rival gang and we ended up killing him instead though, so it\'s a win. Overall, a really fun game.'),(26,104,4,'This game is really easy with powers like mine. Bullets cannot touch me, they are far too soft and weak. Try harder next game, COD kids.'),(28,101,5,'I am the best there is. I have over a billion mastery points in Min Min alone. Get on my level, skids.'),(28,108,5,'Metaknight too OP. That\'s why I play him.'),(28,145,5,'Wattson best character'),(99,124,5,'There\'s so much to explore and do in Skyrim, literally hundreds of hours. Possibly the greatest game of our generation. I am an avid caver and enjoy exploring the many caves Skyrim has to offer.'),(103,145,5,'I approve of this game. '),(103,122,5,'Every sane person knows that Eevee is the superior choice to that lame yellow rat, Pikachu. I named mine Metallica (naturally), and she is my Queen.'),(103,121,1,'METALLICA FOR LIFE!!! (That\'s what I named my Eevee, who is WAY cuter/better than the ugly yellow rat, Pikachu.'),(203,2,3,'very good');
/*!40000 ALTER TABLE `preferences` ENABLE KEYS */;
UNLOCK TABLES;

--
-- Table structure for table `user`
--

DROP TABLE IF EXISTS `user`;
/*!40101 SET @saved_cs_client     = @@character_set_client */;
/*!50503 SET character_set_client = utf8mb4 */;
CREATE TABLE `user` (
  `userid` int unsigned NOT NULL AUTO_INCREMENT,
  `fName` varchar(45) NOT NULL,
  `lName` varchar(45) NOT NULL,
  `addr` varchar(75) NOT NULL,
  `username` varchar(45) NOT NULL,
  `password` varchar(45) NOT NULL,
  `sex` varchar(1) NOT NULL,
  PRIMARY KEY (`userid`),
  UNIQUE KEY `userid_UNIQUE` (`userid`),
  UNIQUE KEY `username_UNIQUE` (`username`)
) ENGINE=InnoDB AUTO_INCREMENT=204 DEFAULT CHARSET=utf8mb4 COLLATE=utf8mb4_0900_ai_ci;
/*!40101 SET character_set_client = @saved_cs_client */;

--
-- Dumping data for table `user`
--

LOCK TABLES `user` WRITE;
/*!40000 ALTER TABLE `user` DISABLE KEYS */;
INSERT INTO `user` VALUES (1,'Brandon','Sutton','USA','Brandino','Password1','M'),(2,'Darcy','Healan','USA','Darcino','Password2','F'),(5,'Joe','Mama','idk','Hayden','Password1','M'),(6,'Johnathan','Joestar','England','theOG','eDGfcc7vJNanqsT!','M'),(7,'Joseph','Joestar','USA','hermitpurple','eDGfcc7vJNanqsT!!','M'),(8,'Erina','Joestar','England','theogwife','hhal!hhd78!A','F'),(9,'Holly','Kujo','Japan','hollysan','halois87a!A','F'),(10,'Suzie','Quatro','Italy','suzieq','podihhA7','F'),(11,'Jotaro','Kujo','Japan','STARPLATINUM','THEST4R!a','M'),(12,'Muhammad','Avdol','Egypt','magiciansred','MAGICIANSREDDo0!','M'),(13,'Qtaro','Kujo','Japan','qtarokujo','Qtar0kuj0','M'),(14,'Kakyoin','Noriaki','Japan','TheHierophant','Hierophantogr33n','M'),(15,'Jean-Pierre','Polnareff','France','Cavaliere','Silvachari0t','M'),(16,'Bruford','Bluford','England','bluford','Bluf0rd!','M'),(17,'DIO','Brando','Egypt','DIO','ZaWARUD0','M'),(18,'Diego','Brando','USA','dinosaurbrando','shhaloA8','M'),(19,'Giorno','Giovanna','Italy','GoldExperience','G0ldenboy','M'),(20,'William','Zeppelli','Italy','hamongod87','jjslaou8!A','M'),(21,'Robert','Speedwagon','England','thespeedwagon','J0jo!!!!!!!','M'),(22,'George','Joestar','georgejoestar','thetrueog','Bestdad1','M'),(23,'Straizo','Man','England','STRAIZO','Straiz0!','M'),(24,'Josuke','Higashikata','Japan','Crazydiamond','crazyDiamond0','M'),(25,'Okuyasu','Nijimura','Japan','ZeHand0','ZeHand0!','M'),(26,'Trish','Una','Italy','SpiceGirl','1Spicylady','F'),(27,' Tarkus','Man','England','thelegend27','Thelegend27','M'),(28,'Lisa','Lisa','Italy','LisaLisa','LisaLisa1','F'),(29,'Rudol','Stroheim','Germany','vonStroheim','jjslaAi8','M'),(30,'Kars','Sama','Mexico','TheUltimateBeing','jlapudhA8','M'),(31,'Esidisi','Sama','Mexico','ACDC','sjlahsUi8','M'),(32,'Whamuu','Sama','Mexico','WAMUU','Awakenmymasters1','M'),(33,'Santana','Sama','Mexico','Santana','S4ntana1','M'),(34,'Donovan','Donobang','USA','XxthedonxX','shkauiA8','M'),(35,'Mario','Zeppelli','USA','zeppellini','shhdlnaAu7','M'),(36,'Messina','Broham','Italy','Messina','shlahdi8A','M'),(37,'Loggins','Broham','Italy','Loggins','skahdi8adA','M'),(38,'Smokey','Brown','USA','smokey','shjlahdu7aA','M'),(39,'Iggy','Pero','USA','thefool','hslhsu78Ah','M'),(40,'Enyaba','Hag','Egypt','babayaga','8haluyshA','F'),(41,'Hol','Horse','USA','TheHolHorse','hAlusji87','M'),(42,'Daniel','D\'Arby','Egypt','gamblingman','hAyupsil8','M'),(43,'Terrence','D\'Arby','Egypt','thegamer','hsljAui8','M'),(44,'Mariah','Cara','Egypt','GoddessBastet','jslapip89nA','F'),(45,'N\'Doul','Bessada','Egypt','blindprophet1','hlspuaynAa0a','M'),(46,'Alessi','Creeper','Egypt','Sethan','lspoaih8A','M'),(47,'Zenyata','Mondatta','Egypt','Oingo','hslApi87n','M'),(48,'Mondatta','Zenyata','Egypt','Boingo','hpAois90jl','M'),(49,'Kenny','Gee','Egypt','thesaxophonist','shApiul54','M'),(50,'Captain','Tenille','USA','darkbluemoon','hsapoAuljnaA9','M'),(51,'Dan','Steel','Egypt','DanOfSteel','hlApunsgl87','M'),(52,'Midler','Bella','Egypt','theMidler','Upialnh67','F'),(53,'Tim','Soul','USA','Yellowtemperence','eDGfcc7vJNanqsT!','M'),(54,'Mannish','Boy','Pakistan','Death13','hspoAuhln78','M'),(55,'Cameo','Wish','Egypt','Hail2U','lkApouks6','M'),(56,'Chaka','Nis','Egypt','SwordOfAnubis','lPoahmsnamh5','M'),(57,'Gray','Fly','USA','towerofGray','kslppoAhdn7','M'),(58,'Nena','Sol','Egypt','theSun','lApo97shn','M'),(59,'Nuke','Saku','Japan','thesimp27',';Ap09s8mahkn','M'),(60,'Vanille','Ice','Egypt','VanillaIcecream','A093hljn','M'),(61,'Koichi','Hirose','Japan','Echoes','pAojldn78','M'),(62,'Caesar','Zeppelli','Italy','CAEEEESAAAA','Pa74nhkL','M'),(63,'Rohan','Kishibe','Japan','thejosukehater27','pA76shknJ','M'),(64,'Felix','Kjellberg','Sweden','PewDiePie','7Ahljnmsw','M'),(65,'Pesci','Mammoni','Italy','beachyboy','P1ne4pple','M'),(66,'Hayato','Kawajiri','Japan','hayato','poA8jdlnjsm','M'),(67,'Reimi','Sugimoto','Japan','thekiralover27','pA8jslnhmg','M'),(68,'Shigechi','Yangu','Japan','Harvest','pA09LSHLNHM6','M'),(69,'Mikitaka','Hazekura','Japan','thealien27','pLAnjmhs67','M'),(70,'Yukako','Yamagashi','Japan','KoichiLover','pA09shnjlm','F'),(71,'Keicho','Nijimura','Japan','BadCompany','W0rsecompany','M'),(72,'Yuya','Fungami','Japan','thechad27','Apolns76','M'),(73,'Tamami','Kobayashi','Japan','conartist','laP98SHNM','M'),(74,'Toshi','Hazamada','Japan','puppeteer','lApos98nmjh','M'),(75,'Tonio','Trussardi','Italy','PearlJam','jApis67nm','M'),(76,'Shinobu','Kawajiri','Japan','XxKiraLoverxX','87Ahjnml','F'),(77,'Kira','Yoshikage','Japan','KillerQueen','pAolnashma8','M'),(78,'Tomoko','Higashikata','Japan','JosephsWaifu','SK1SK1SK1SKi','F'),(79,'Ryohei','Higashikata','Japan','thecoolcop','8A9hndgml','M'),(80,'Yoshihiro','Yoshikage','Japan','ilovemysonkira','pA0ksjmans','M'),(81,'Ken','Oyanagi','USA','JANKENBOIIIII','jau7s0uAgb','M'),(82,'Akira','Otoishi','Japan','RedHotChiliPepper','A09slhsnajAt','M'),(83,'Aya','Tsuji','Japan','Cinderella','Ao9slhnm','F'),(84,'Tama','Neko','Japan','kittykat','pA8shknjm','F'),(85,'Toyo','Kane','Japan','Toyohiro','Aulshanm7','M'),(86,'Teru','Miya','Japan','misterio','pAlajnsj6','M'),(87,'Bruno','Buccellati','Italy','StickyFingers','paSHNMS6','M'),(88,'Leone','Abbacchio','Italy','thegiornohater27','Ajhsnma778','M'),(89,'Narancia','Ghirga','Italy','aerosmith','Sialhsnmd67a','M'),(90,'Pannacotta','Fugo','Italy','theloser27','i8ahAnhl','M'),(91,'Coco','Jumbo','Italy','cocolarge','usaA45sgb','M'),(92,'Pericolo','Sama','Italy','misterPericolo','kyAhnmbsg9','M'),(93,'Diavolo','Una','Italy','TheBoss27','Ahsnmb679','M'),(94,'Doppio','Una','Italy','BOSSU','Hamsy67bN','M'),(95,'Squalo','Gay','Italy','Clash','7AHNSJLm','M'),(96,'Tiziano','Gay','Italy','talkingHead','aAjsnm78','M'),(97,'Carne','Asada','Italy','NotoriousChase','9AlJNMHahk','M'),(98,'Cioccolata','Hot','Italy','GreenTeaLover','hAJ78snmj','M'),(99,'Secco','Mode','Italy','seccomode','7Ajsnhlmhj','M'),(100,'Polpo','Big','Italy','polpoo','8Ajlanmsh7','M'),(101,'Mario','Zucchero','Italy','torturedanced','Ailsknm8','M'),(102,'Sale','Zucchero','Italy','mistahater420','A8hsljnmAh','M'),(103,'Risotto','Nero','Italy','XxMetallicaFanboyxX','hAjnsm87s','M'),(104,'Formaggio','Little','Italy','LEETLEFEETO','jA78shnglm','M'),(105,'Illuso','Mirroire','Italy','ManINtheMirror','pAolsmn65','M'),(106,'Prosciutto','Ham','Italy','ThankfulDeath','Iahjsnm6f','M'),(107,'Melone','Melon','Italy','babyface','A8hsnjmk','M'),(108,'Ghiaccio','Ice','Italy','iceycatboi','Ajms75nb','M'),(109,'Scollipi','Art','Italy','RollingStones','Ashnsm67gb','M'),(110,'Jolyne','Kujo','Japan','Jolyne','Ahsn67bm','F'),(111,'Ermes','Costello','Spain','Ermes','Ashndm78','F'),(112,'Emporio','Alnino','Spain','ElNino','uA7hnsgb','M'),(113,'Foo','Fighters','USA','foofighters','tAunsm1j','F'),(114,'Narciso','Anasui','Italy','theNarcissisto','Aposlnh3m','M'),(115,'Weather','Report','Italy','theWeatherman','kA8shnmb4','M'),(116,'Gwess','Tafani','','gwessWho','jAnmsllg8','F'),(117,'Anna','Kiss','USA','annakiss','Ayjsnmahl8','F'),(118,'Enrico','Pucci','Italy','PucciGang','Ayhskjnm6','M'),(119,'Donatello','Versus','Italy','donatellov','Aljsnmh67','M'),(120,'Rikiel','Ungalo','Spain','Riki','pAlns81m','F'),(121,'John','Gallia','Spain','Johngalli','A82hdnmgl','M'),(122,'Sports','Maxx','USA','SportsMAXXX','kAhsnm76','M'),(123,'Miuccia','Miuller','France','MiuMiu','Aljsmnm567','F'),(124,'Mira','Schon','Italy','mirsch0n','Alksnm1lhgnm','F'),(125,'Lang','Rangler','Italy','theRanglerx','Alsnmhk6lj','M'),(126,'Ken','Zou','China','Kenzou','Aksjnm24','M'),(127,'Dan','Gee','USA','DanG','Aks1hh2mb','M'),(128,'Guccio','Gucci','Italy','guccigang','Ahsnm6lkn','M'),(129,'Vivianno','Westwood','Italy','vivianno','A0hsjjndlm','M'),(130,'Thunder','McQueen','USA','lightningmcQueen','Ahhsj123','M'),(131,'Romeo','Jisso','Spain','Romeo','Aushnm123','M'),(132,'Perla','Pucci','Italy','perla','Aushnm123','F'),(133,'Locco','Barrocco','Spain','locobaroco','Ayhskjnm8','M'),(134,'Gloria','Costello','Spain','GLORIA','aajAM78s','F'),(135,'Johnny','Joestar','USA','SteelBallRun','aSUHJnm8','M'),(136,'Gyro','Zeppelli','Italy','gyrowrap','Ahsnmdjl6','M'),(137,'Lucy','Steel','USA','lucyinthesky','Aisjhnml67','F'),(138,'Steven','Steel','USA','steveofsteel','aUSNLnm6','M'),(139,'Hot','Pants','USA','hotpants','Auhsjnm78','F'),(140,'Mountain','Tim','USA','mountaintim','a8HJSnml','M'),(141,'Weka','Pipo','USA','wekapipo','Ahjsnm89','M'),(142,'Poco','Loco','Spain','elpocoloco','hAksjm90','M'),(143,'Norisuki','Higashikata','Japan','norihiga','Aushmn89','M'),(144,'Funny','Valentine','USA','presidentofusa','Aushljnm0','M'),(145,'Blackmore','Brown','USA','Blackmore','A8hsjknm','M'),(146,'Mike','Oh','USA','mikeoh','uAHNSlkm0','M'),(147,'Ringo','Road','USA','ringostar','A7hsjnmlA','M'),(148,'Axel','Roe','USA','AXLro','hAjmsnl89','M'),(149,'Magent','Magent','USA','Magent','A8hjsnm3','M'),(150,'Doc','Ferdinand','USA','drFerdinand','A8hsnklmh','F'),(151,'Eleven','Man','USA','elevan','A8hsnljh','M'),(152,'Benjamin','Boom','USA','boomboom','8Ajkslnm','M'),(153,'Andre','Boom','USA','andreboom','Ahsjln89m','M'),(154,'La','Boom','USA','LAboom','A8hsljanmk','M'),(155,'Oye','Comova','USA','oyecomova','A8hslnmk','M'),(156,'Scarlet','Valentine','USA','missValentine','A7hsjlnm','F'),(157,'Greg','Zeppelli','USA','gregorio','8Ahjsnlm','M'),(158,'Nicholas','Joestar','USA','the4gotten1','jAlshnmu8','M'),(159,'Gappy','Higashikata','Japan','Gappy','8Ahsljnm9','M'),(160,'Yasuho','Hirose','Japan','Yasuho','A8hsjlnmhj','F'),(161,'Rai','Mame','Japan','Rai','8AHKSJnm','M'),(162,'Joshu','Higashikata','Japan','theWorst1','8Ahjsnm6','M'),(163,'Tsu','Higashikata','Japan','Tsuyu','7Ahjsnml','F'),(164,'Daiya','Higashikata','Japan','sweetDaiya','8Ajlnsmj','F'),(165,'Jobin','Higashikata','Japan','jobinnnn','8Ahsjnmlk','M'),(166,'Hato','Higashikata','Japan','higashikataHato','A78shnmkl','F'),(167,'Mitsuba','Higashikata','Japan','mitsu','A7hsngmlm','F'),(168,'Kyo','Nijimura','Japan','KYOOOO','mAJLSHNM8','F'),(169,'Josefumi','Kujo','Japan','JoseFumi','8Ahjnmslk','M'),(170,'Karera','Saku','Japan','Karera','A8shhnamljn','F'),(171,'Kaato','Higashikata','Japan','StrayKaato','hAmsjln7','F'),(172,'Tamaki','Damo','Japan','TheMan','8Ahjsnmlj','M'),(173,'Aisho','Dan','Japan','aishodan','hAsjlmnn8','M'),(174,'Ojiro','Sasame','Japan','ojiro','Ahmsjn8a','M'),(175,'Sato','Afeku','Japan','satosan','7Ajsljnmh','M'),(176,'Suzuyo','Hirose','Japan','Suzuyo','Aushmlj1','F'),(177,'Wu','Tomoki','Japan','wuwu','Ahsmlj87','M'),(178,'Dore','Mifa','Italy','doremifasolatido','A7hsnmkj','M'),(179,'Minoru','Kaiga','Japan','kaiga','hAjnsm79','F'),(180,'Dario','Brando','England','baddad','Ajnsm78s','M'),(181,'Kyoka','Izumi','Japan','Izumi','Ahnsmjl8','F'),(182,'Nanase','Kishibe','Japan','Nana','Ajsnmh87','F'),(183,'Naoko','Osato','Japan','osato','hAnJSNM8','F'),(184,'Gunpei','Kama','Japan','gunPei','Aushlnm1','M'),(185,'Mutsu','Kabe','Japan','mustsuKa','Ahsnm78ln','F'),(186,'Nogu','Chi','Japan','nogucci','hAjsknnm7','F'),(187,'Mao','Kata','Japan','maokata','Aushjln8','F'),(188,'Shui','Chi','Japan','Shuichi','7Ahskhm8','M'),(189,'Mai','Katahira','Japan','MaiMai','Ahsjnm123','F'),(190,'Mao','Katahira','Japan','MaoMao','A8hsjjmnl','F'),(191,'Obana','Zawa','Japan','Obanazawa','A8shlnamk1','M'),(192,'Yoma','Hashimoto','Japan','Yomama','A7hslmanj','F'),(193,'Mika','Hayamura','Japan','Mikamura','Aushjnm1','F'),(194,'Masago','Ayashi','Japan','masag0','7Ahjsnml','M'),(195,'Niza','Yamae','Japan','nizaya','A7hsjlnm','F'),(196,'Yama','Oka','Japan','YamaOka','Ahjsn87a','F'),(197,'Frida','Gianni','Italy','Fridam','Uahlnmj1','F'),(198,'Yoshi','Ki','Japan','Yoshiki','7ahlsnmljA','M'),(199,'Michal','Absalom','USA','Absalom','A7shlnjmj','M'),(200,'Chiho','Fuhaba','Japan','chiho','hAjnamlj12','F'),(201,'Foo','Bar','USA','foobar','Password2','M'),(202,'Bill','Gates','USA','billtheman','Password1','M'),(203,'bill','bob','USA','billbob','Password1','M');
/*!40000 ALTER TABLE `user` ENABLE KEYS */;
UNLOCK TABLES;
/*!40103 SET TIME_ZONE=@OLD_TIME_ZONE */;

/*!40101 SET SQL_MODE=@OLD_SQL_MODE */;
/*!40014 SET FOREIGN_KEY_CHECKS=@OLD_FOREIGN_KEY_CHECKS */;
/*!40014 SET UNIQUE_CHECKS=@OLD_UNIQUE_CHECKS */;
/*!40101 SET CHARACTER_SET_CLIENT=@OLD_CHARACTER_SET_CLIENT */;
/*!40101 SET CHARACTER_SET_RESULTS=@OLD_CHARACTER_SET_RESULTS */;
/*!40101 SET COLLATION_CONNECTION=@OLD_COLLATION_CONNECTION */;
/*!40111 SET SQL_NOTES=@OLD_SQL_NOTES */;

-- Dump completed on 2020-07-29 22:33:50
